{
    "type": "wraith",
    "name": "核无人机",
    "health": 1200,
    "mass": 1.0,
    "speed": 0.4,
    "maxVelocity": 16.0,
    "drag": 0.01,
    "range": 100.0,
    "shootCone": 40.0,
	"engineColor": "#64be64",
    "flying": true,
    "engineOffset": 0.5,
    "engineSize": 0.5,
    "baseRotateSpeed": 0.1,
    "weapon": {
        "length": 3.0,
        "reload": 20.0,
        "width": 2.0,
        "shots": 1,
        "inaccuracy": 3.0,
        "alternate": true,
        "ejectEffect": "shellEjectSmall",
        "shootSound": "shoot",
        "bullet": "standardCopper"
    }
}