{
	"type": "GenericSmelter",
	"name": "青铜冶炼厂",
	"description": "使用锡和铜生产青铜.",
	"outputItem": { "item": "bronze", "amount": 4},
	"size": 2,
	"hasPower": true,
	"hasLiquids": false,
	"hasItems": true,
	"craftTime": 90,
	"updateEffect": "smeltsmoke",
	"consumes": {
		"power": 1.0,
		"items": {
			"items": [
				{ "item": "tin", "amount": 1 },
				{ "item": "copper", "amount": 3 }
			]
		}
	},
	"requirements": [
		{ "item": "lead", "amount": 50 },
		{ "item": "iron", "amount": 50 },
		{ "item": "copper", "amount": 50 },
		{ "item": "graphite", "amount": 20 }
	],
	"category": "crafting",
	"research": "kiln",
	"idleSound": "respawning",
	"idleSoundVolume": 0.5
}