{
	"type": "GenericSmelter",
	"name": "核燃料压缩机",
	"description": "使核燃料.",
	"health": 500,
	"itemCapacity": 20,
	"outputItem": {"item": "nuclear-fuel", "amount": 1},
	"size": 3,
	"hasPower": true,
	"hasItems": true,
	"craftTime": 320,
	"updateEffect": "smeltsmoke",
	"consumes": {
		"power": 18.0,
		"items": {
			"items": [
				{ "item": "comp-thorium", "amount": 12 },
				{ "item": "enriched-uran", "amount": 3 }
			]
		}
	},
	"requirements": [
		{ "item": "comp-titanium", "amount": 32 },
		{ "item": "enriched-uran", "amount": 10 }
	],
	"category": "crafting",
	"research": "kiln",
	"idleSound": "respawning",
	"idleSoundVolume": 0.3
}
