{
	"type": "SolidPump",
	"name": "物质生成机",
	"description": "物质生成机是一种能够制造UU物质的机械",
	"pumpAmount":0.1666666,
	"health":800.0,
	"result":"UU-Liquid",
	"size":3,
	"rotatespeed":0,
	"hasPower":true,
	"hasLiquids":true,
	"updateEffect":"smeltsmoke",
	"consumes":{
		"power":5000.0
	},
	"requirements":[
		{ "item":"super-tithorium","amount":100 },
		{"item": "quantum-ingot", "amount": 80},
		{"item": "星核", "amount": 80}
	],
	"category":"crafting",
	"research":"kiln",
	"idleSound":"respawning",
	"idleSoundVolume": 0.5
}