{
	"type": "GenericSmelter",
	"name": "核熔炉",
	"description": "如果你还需要铀，就用这台机器.",
	"health": 200,
	"itemCapacity": 4,
	"outputItem": {"item": "uran", "amount": 1},
	"size": 2,
	"hasPower": true,
	"hasItems": true,
	"craftTime": 750,
	"updateEffect": "smeltsmoke",
	"consumes": {
		"power": 17.2,
		"items": {
			"items": [
				{ "item": "comp-thorium", "amount": 2 }
			]
		}
	},
	"requirements": [
		{ "item": "comp-titanium", "amount": 10 },
		{ "item": "comp-thorium", "amount": 4 }
	],
	"category": "crafting",
	"research":"kiln",
	"idleSound": "respawning",
	"idleSoundVolume": 0.4
}
