{
	"type": "GenericSmelter",
	"name": "钚熔炉",
	"description": "不要碰这台机器.",
	"health": 800,
	"itemCapacity": 10,
	"outputItem": {"item": "plut", "amount": 1},
	"size": 3,
	"hasPower": true,
	"hasItems": true,
	"craftTime": 1500,
	"updateEffect": "smeltsmoke",
	"consumes": {
		"power": 35.0,
		"items": {
			"items": [
				{ "item": "uran", "amount": 4 },
				{ "item": "enriched-uran", "amount": 3 }
			]
		}
	},
	"requirements": [
		{ "item": "comp-titanium", "amount": 40 },
		{ "item": "nuclear-fuel", "amount": 5 },
		{ "item": "enriched-uran", "amount": 12 }
	],
	"category": "crafting",
	"research":"kiln",
	"idleSound": "respawning",
	"idleSoundVolume": 0.12
}
