{
	"type": "ArtilleryTurret",
	"name": "星舰激光副炮",
	"description": "充能型涡轮增压炮",
	"health":2500,
	"ratateSpeed":1,
	"size":2,
	"reload":30 ,
	"range": 300,
	"targetGround":true,
	"targetAir":true,
	"ammoUseEffect": "bigShockwave",
	"inaccuracy": 0,
	"rotatespeed": 10,
	"ammo": {
		"能量体": {
		"type": "BasicBulletType",
       "bulletSprite": "[green]更多矿物-子弹-激光",
			"splashDamageRadius":10,
			"splashDamage":10,
			"speed": 10,
			"bulletWidth": 5,
			"damage": 300,
			"trailEffect": "nuclearShockwave",
			"smokeEffect": "bigShockwave",
			"ammoMultiplier": 1,
			"homingPower":1,
			"homingRange":3000,
			"lifetime":600,
			"backColor":"0000ff",
			"fontColor":"0000ff",
			"heatColor":"0000ff",
			"trailColor":"0000ff"
		}
	},
	"requirements": [
		{ "item": "copper", "amount": 100 
		},
		{ "item": "silicon", "amount": 150 },
		{ "item": "lead", "amount": 100 }
	],
	"category": "turret",
	"research": "meltdown"
}
