{
	"type": "GenericSmelter",
	"name": "星核压缩机",
	"description": "压缩基础资源生产星核",
	"health": 200,
	"itemCapacity": 30000,
	"outputItem": {"item": "星核", "amount": 5},
	"size": 3,
	"hasPower": true,
	"hasItems": true,
	"craftTime": 60,
	"updateEffect": "smeltsmoke",
	"consumes": {
		"power": 3.0,
		"items": {
			"items": [
				{ "item": "titanium", "amount": 3000 },
				{ "item": "thorium", "amount": 3000 },
				{ "item": "copper", "amount": 3000 },
				{ "item": "lead", "amount": 3000 },
				{ "item": "silicon", "amount": 1000 }
			]
		}
	},
	"requirements": [
		{ "item": "titanium", "amount": 65 },
		{ "item": "thorium", "amount": 80 },
		{ "item": "silicon", "amount": 60 }
	],
	"category": "crafting",
	"research": "kiln",
	"idleSound": "respawning",
	"idleSoundVolume": 0.5
}
