{
	   "type": "PowerTurret",
       "name": "轨道炮",
       "description": "使用电加速物质",
       "health": 3000,
       "chargeTime": 25,
       "size": 3,
       "reload": 40,
       "shots": 3,
       "recoil": 2,
       "restitution":0.1,
       "cooldown": 0.1,
       "coolantMultiplier": 8,
       "rotatespeed": 10,
       "range": 1000,
       "powerUse": 15000.0,
       "targetAir":true,
       "shootType": {
       "type": "BasicBulletType",
       "bulletSprite": "[green]更多矿物-子弹-轨道",
      "speed": 5.0,
       "lifetime": 640,
       "bulletWidth": 10,
       "homingPower":1,
       "homingRange":3000,
       "damage": 300000,
       "lightining": 5,
       "lightningLength": 10,
       "status": "wet",
       "splashDamageRadius" :800,
       "splashDamage": 1200
        },
  	  "requirements":[
     { "item": "星核", "amount": 80 },
     { "item": "super-tithorium","amount":90},
     {"item": "quantum-ingot", "amount": 60},
	 { "item": "集成电路", "amount": 350 },
	 { "item": "titanium", "amount": 300},
	 { "item": "tithorium", "amount": 2000},
	  { "item": "silicon", "amount": 800}
],
    "category": "turret",
	"research": "电浆炮"
}